country,County,SubCounty,Division,Location,SubLocation,Total,Sex Male ,Sex Female,Total,HouseholdsConventional,HouseholdsGroupQuarters,LandAreaSq.Km,DensityPersonsperSq.Km
KENYA,NAIROBI CITY,DAGORETTI,,,DAGORETTI,434208,217651,216526,155089,154949,140,29.1,14908
KENYA,NAIROBI CITY,DAGORETTI,KAWANGWARE,,KAWANGWARE,291565,146666,144879,105258,105217,41,11.1,26367
KENYA,NAIROBI CITY,DAGORETTI,KAWANGWARE,GATINA,GATINA,63560,33169,30389,24005,23996,9,1.5,42778
KENYA,NAIROBI CITY,DAGORETTI,KAWANGWARE,,CONGO,31914,16356,15557,12160,12160,-,0.7,45463
KENYA,NAIROBI CITY,DAGORETTI,KAWANGWARE,,GATINA,31646,16813,14832,11845,11836,9,0.8,40373
KENYA,NAIROBI CITY,DAGORETTI,KAWANGWARE,KAWANGWARE,KAWANGWARE,91487,45682,45801,33008,32981,27,2.4,37533
KENYA,NAIROBI CITY,DAGORETTI,KAWANGWARE,,KABIRO,36228,18160,18068,13328,13317,11,0.8,46767
KENYA,NAIROBI CITY,DAGORETTI,KAWANGWARE,,KAWANGWARE,30587,14581,16002,10893,10877,16,0.9,33605
KENYA,NAIROBI CITY,DAGORETTI,KAWANGWARE,,MUSLIM,24672,12941,11731,8787,8787,-,0.8,32779
KENYA,NAIROBI CITY,DAGORETTI,KAWANGWARE,NGANDO,NGANDO,49921,25637,24275,18784,18784,-,3.2,15425
KENYA,NAIROBI CITY,DAGORETTI,KAWANGWARE,,GITHEMBE,17361,8732,8628,6510,6510,-,0.9,19781
KENYA,NAIROBI CITY,DAGORETTI,KAWANGWARE,,NGANDO,32560,16905,15647,12274,12274,-,2.4,13804
KENYA,NAIROBI CITY,DAGORETTI,KAWANGWARE,RIRUTA,RIRUTA,86597,42178,44414,29461,29456,5,3.9,22215
KENYA,NAIROBI CITY,DAGORETTI,KAWANGWARE,,RIRUTA,40465,19586,20876,14259,14259,-,2.1,19408
KENYA,NAIROBI CITY,DAGORETTI,KAWANGWARE,,SATELITE,46132,22592,23538,15202,15197,5,1.8,25443
KENYA,NAIROBI CITY,DAGORETTI,WAITHAKA,,WAITHAKA,142643,70985,71647,49831,49732,99,18.1,7894
KENYA,NAIROBI CITY,DAGORETTI,WAITHAKA,KABIRIA,KABIRIA,27024,14298,12720,9781,9735,46,2.7,9874
KENYA,NAIROBI CITY,DAGORETTI,WAITHAKA,,KABIRIA,20391,10748,9638,7382,7336,46,1.6,13054
KENYA,NAIROBI CITY,DAGORETTI,WAITHAKA,,MUTEGO,6633,3550,3082,2399,2399,-,1.2,5646
KENYA,NAIROBI CITY,DAGORETTI,WAITHAKA,MUTUINI,MUTUINI,22964,11342,11621,7887,7882,5,4.3,5339
KENYA,NAIROBI CITY,DAGORETTI,WAITHAKA,,GITIBA,15138,7300,7838,5072,5067,5,1.4,10458
KENYA,NAIROBI CITY,DAGORETTI,WAITHAKA,,MUTUINI,7826,4042,3783,2815,2815,-,2.9,2742
KENYA,NAIROBI CITY,DAGORETTI,WAITHAKA,RUTHIMITU,RUTHIMITU,19425,9352,10072,6454,6410,44,3.7,5291
KENYA,NAIROBI CITY,DAGORETTI,WAITHAKA,,KAGIRA,5841,2922,2918,1923,1879,44,2.5,2344
KENYA,NAIROBI CITY,DAGORETTI,WAITHAKA,,RUTHIMITU,13584,6430,7154,4531,4531,-,1.2,11521
KENYA,NAIROBI CITY,DAGORETTI,WAITHAKA,UTHIRU,UTHIRU,32377,16044,16332,11839,11837,2,4.3,7613
KENYA,NAIROBI CITY,DAGORETTI,WAITHAKA,,KIURU,6171,3105,3066,2108,2108,-,1.8,3480
KENYA,NAIROBI CITY,DAGORETTI,WAITHAKA,,UTHIRU,26206,12939,13266,9731,9729,2,2.5,10568
KENYA,NAIROBI CITY,DAGORETTI,WAITHAKA,WAITHAKA,WAITHAKA,40853,19949,20902,13870,13868,2,3.1,13152
KENYA,NAIROBI CITY,DAGORETTI,WAITHAKA,,MUKARARA,10686,5256,5430,3405,3405,-,1.2,8664
KENYA,NAIROBI CITY,DAGORETTI,WAITHAKA,,WAITHAKA,30167,14693,15472,10465,10463,2,1.9,16107
KENYA,NAIROBI CITY,EMBAKASI,,,EMBAKASI,988808,492476,496270,347955,346462,1493,86.3,11460
KENYA,NAIROBI CITY,EMBAKASI,EMBAKASI,,EMBAKASI,539856,279572,260241,206380,204898,1482,73.6,7333
KENYA,NAIROBI CITY,EMBAKASI,EMBAKASI,EMBAKASI,EMBAKASI,178387,87403,90972,62143,60694,1449,66.9,2665
KENYA,NAIROBI CITY,EMBAKASI,EMBAKASI,,EMBAKASI,69887,33953,35926,23944,22589,1355,60.5,1155
KENYA,NAIROBI CITY,EMBAKASI,EMBAKASI,,TASSIA,88874,43859,45011,30948,30948,-,2.5,35196
KENYA,NAIROBI CITY,EMBAKASI,EMBAKASI,,UTAWALA,19626,9591,10035,7251,7157,94,3.9,5073
KENYA,NAIROBI CITY,EMBAKASI,EMBAKASI,MUKURU KWA NJENGA,MUKURU KWA NJENGA,242941,128813,114102,97890,97890,-,2.8,87538
KENYA,NAIROBI CITY,EMBAKASI,EMBAKASI,,KWARE,166517,87056,79439,66811,66811,-,1.6,106445
KENYA,NAIROBI CITY,EMBAKASI,EMBAKASI,,MUKURU KWA NJENGA,76424,41757,34663,31079,31079,-,1.2,63111
KENYA,NAIROBI CITY,EMBAKASI,EMBAKASI,IMARA DAIMA,IMARA DAIMA,118528,63356,55167,46347,46314,33,3.9,30274
KENYA,NAIROBI CITY,EMBAKASI,EMBAKASI,,IMARA DAIMA,52837,26954,25879,19648,19615,33,2,25920
KENYA,NAIROBI CITY,EMBAKASI,EMBAKASI,,KWA REUBEN,65691,36402,29288,26699,26699,-,1.9,35002
KENYA,NAIROBI CITY,EMBAKASI,KAYOLE,,KAYOLE,183873,88740,95123,56981,56981,-,4.7,39127
KENYA,NAIROBI CITY,EMBAKASI,KAYOLE,KAYOLE,KAYOLE,118728,59050,59671,40194,40194,-,1.6,73023
KENYA,NAIROBI CITY,EMBAKASI,KAYOLE,,KAYOLE CENTRAL,42134,20656,21477,14053,14053,-,0.7,64714
KENYA,NAIROBI CITY,EMBAKASI,KAYOLE,,KAYOLE SOUTH,76594,38394,38194,26141,26141,-,1,78573
KENYA,NAIROBI CITY,EMBAKASI,KAYOLE,KOMAROCK,KOMAROCK,65145,29690,35452,16787,16787,-,3.1,21196
KENYA,NAIROBI CITY,EMBAKASI,KAYOLE,,KOMAROCK NORTH,24958,11594,13361,7070,7070,-,1.2,21514
KENYA,NAIROBI CITY,EMBAKASI,KAYOLE,,KOMAROCK SOUTH,40187,18096,22091,9717,9717,-,1.9,21003
KENYA,NAIROBI CITY,EMBAKASI,UMOJA,,UMOJA,265079,124164,140906,84594,84583,11,8,33290
KENYA,NAIROBI CITY,EMBAKASI,UMOJA,SAVANNAH,SAVANNAH,124863,60515,64344,41129,41125,4,4.8,25931
KENYA,NAIROBI CITY,EMBAKASI,UMOJA,,DONHOLM,53904,23989,29913,15412,15412,-,3.1,17553
KENYA,NAIROBI CITY,EMBAKASI,UMOJA,,SAVANNAH,70959,36526,34431,25717,25713,4,1.7,40683
KENYA,NAIROBI CITY,EMBAKASI,UMOJA,UMOJA,UMOJA,140216,63649,76562,43465,43458,7,3.1,44547
KENYA,NAIROBI CITY,EMBAKASI,UMOJA,,UMOJA 2,75960,34635,41323,23214,23207,7,1.6,47554
KENYA,NAIROBI CITY,EMBAKASI,UMOJA,,UMOJA 1,64256,29014,35239,20251,20251,-,1.6,41449
KENYA,NAIROBI CITY,KAMUKUNJI,,,KAMUKUNJI,268276,136670,131599,84365,83680,685,10.5,25455
KENYA,NAIROBI CITY,KAMUKUNJI,EASTLEIGH,,EASTLEIGH,225815,113747,112064,67552,66867,685,9.3,24234
KENYA,NAIROBI CITY,KAMUKUNJI,EASTLEIGH,AIRBASE,AIRBASE,40110,21056,19054,11066,10384,682,5,7947
KENYA,NAIROBI CITY,KAMUKUNJI,EASTLEIGH,,AIRBASE,23555,12082,11473,6987,6305,682,4.8,4907
KENYA,NAIROBI CITY,KAMUKUNJI,EASTLEIGH,,MAINA WANJIGI,16555,8974,7581,4079,4079,-,0.2,67147
KENYA,NAIROBI CITY,KAMUKUNJI,EASTLEIGH,EASTLEIGH NORTH,EASTLEIGH NORTH,44788,22118,22670,10421,10421,-,0.9,51151
KENYA,NAIROBI CITY,KAMUKUNJI,EASTLEIGH,,EASTLEIGH GARAGE,15014,7802,7212,3225,3225,-,0.4,36805
KENYA,NAIROBI CITY,KAMUKUNJI,EASTLEIGH,,EASTLEIGH NORTH,29774,14316,15458,7196,7196,-,0.5,63664
KENYA,NAIROBI CITY,KAMUKUNJI,EASTLEIGH,EASTLEIGH SOUTH,EASTLEIGH SOUTH,67586,34097,33489,20687,20687,-,1,67893
KENYA,NAIROBI CITY,KAMUKUNJI,EASTLEIGH,,CALIFORNIA,26750,13406,13344,8021,8021,-,0.5,55735
KENYA,NAIROBI CITY,KAMUKUNJI,EASTLEIGH,,EASTLEIGH SECTION III,40836,20691,20145,12666,12666,-,0.5,79212
KENYA,NAIROBI CITY,KAMUKUNJI,EASTLEIGH,KIAMBIU,KIAMBIU,45995,24001,21992,16716,16716,-,0.5,90805
KENYA,NAIROBI CITY,KAMUKUNJI,EASTLEIGH,,KIAMBIU,23928,12847,11081,9185,9185,-,0.3,75830
KENYA,NAIROBI CITY,KAMUKUNJI,EASTLEIGH,,MADIWA,22067,11154,10911,7531,7531,-,0.2,115550
KENYA,NAIROBI CITY,KAMUKUNJI,EASTLEIGH,UHURU,UHURU,27336,12475,14859,8662,8659,3,1.9,14438
KENYA,NAIROBI CITY,KAMUKUNJI,EASTLEIGH,,BURUBURU,19119,8758,10359,6174,6174,-,1.4,13630
KENYA,NAIROBI CITY,KAMUKUNJI,EASTLEIGH,,UHURU,8217,3717,4500,2488,2485,3,0.5,16749
KENYA,NAIROBI CITY,KAMUKUNJI,PUMWANI,,PUMWANI,42461,22923,19535,16813,16813,-,1.2,34767
KENYA,NAIROBI CITY,KAMUKUNJI,PUMWANI,PUMWANI,PUMWANI,19754,10438,9315,7432,7432,-,0.5,41846
KENYA,NAIROBI CITY,KAMUKUNJI,PUMWANI,,MAJENGO,17645,9280,8364,6562,6562,-,0.3,51692
KENYA,NAIROBI CITY,KAMUKUNJI,PUMWANI,,BONDENI/GOROFANI,2109,1158,951,870,870,-,0.1,16134
KENYA,NAIROBI CITY,KAMUKUNJI,PUMWANI,SHAURIMOYO,SHAURIMOYO,22707,12485,10220,9381,9381,-,0.7,30306
KENYA,NAIROBI CITY,KAMUKUNJI,PUMWANI,,SHAURIMOYO,11042,6065,4975,4553,4553,-,0.4,30531
KENYA,NAIROBI CITY,KAMUKUNJI,PUMWANI,,MAZIWA,11665,6420,5245,4828,4828,-,0.4,30097
KENYA,NAIROBI CITY,KASARANI,,,KASARANI,780656,381234,399385,271290,268611,2679,86.1,9063
KENYA,NAIROBI CITY,KASARANI,GITHURAI,,GITHURAI,216392,103345,113037,77492,77473,19,20.1,10742
KENYA,NAIROBI CITY,KASARANI,GITHURAI,GITHURAI,GITHURAI,84036,39606,44425,30607,30600,7,3.1,26990
KENYA,NAIROBI CITY,KASARANI,GITHURAI,,GITHURAI,73788,35006,38777,27558,27551,7,2,37055
KENYA,NAIROBI CITY,KASARANI,GITHURAI,,KAMUTHI,10248,4600,5648,3049,3049,-,1.1,9131
KENYA,NAIROBI CITY,KASARANI,GITHURAI,KAHAWA WEST,KAHAWA WEST,82823,40930,41890,27951,27939,12,15.2,5466
KENYA,NAIROBI CITY,KASARANI,GITHURAI,,KAHAWA WEST,40753,20039,20711,12483,12471,12,5.5,7427
KENYA,NAIROBI CITY,KASARANI,GITHURAI,,KIWANJA,23868,12056,11812,8752,8752,-,6.2,3880
KENYA,NAIROBI CITY,KASARANI,GITHURAI,,KONGO SOWETO,18202,8835,9367,6716,6716,-,3.5,5182
KENYA,NAIROBI CITY,KASARANI,GITHURAI,ZIMMERMAN,ZIMMERMAN,49533,22809,26722,18934,18934,-,1.9,26359
KENYA,NAIROBI CITY,KASARANI,GITHURAI,,ZIMMERMAN,49533,22809,26722,18934,18934,-,1.9,26359
KENYA,NAIROBI CITY,KASARANI,KARIOBANGI NORTH,,KARIOBANGI NORTH,154483,78041,76435,51252,51181,71,4.7,32592
KENYA,NAIROBI CITY,KASARANI,KARIOBANGI NORTH,BABA DOGO,BABA DOGO,71257,35671,35584,23276,23276,-,2.8,25803
KENYA,NAIROBI CITY,KASARANI,KARIOBANGI NORTH,,BABA DOGO,20392,10679,9711,8030,8030,-,1.1,18761
KENYA,NAIROBI CITY,KASARANI,KARIOBANGI NORTH,,LUCKY SUMMER,50865,24992,25873,15246,15246,-,1.7,30373
KENYA,NAIROBI CITY,KASARANI,KARIOBANGI NORTH,KARIOBANGI NORTH,KARIOBANGI NORTH,46326,23403,22918,16219,16148,71,1.1,41810
KENYA,NAIROBI CITY,KASARANI,KARIOBANGI NORTH,,KARIOBANGI NORTH,18903,9445,9455,6764,6705,59,0.5,35110
KENYA,NAIROBI CITY,KASARANI,KARIOBANGI NORTH,,MARURA,27423,13958,13463,9455,9443,12,0.6,48144
KENYA,NAIROBI CITY,KASARANI,KARIOBANGI NORTH,KOROGOCHO,KOROGOCHO,36900,18967,17933,11757,11757,-,0.9,42401
KENYA,NAIROBI CITY,KASARANI,KARIOBANGI NORTH,,GITATHURU,20453,10467,9986,6479,6479,-,0.5,44184
KENYA,NAIROBI CITY,KASARANI,KARIOBANGI NORTH,,KOROGOCHO,8351,4304,4047,2567,2567,-,0.2,35118
KENYA,NAIROBI CITY,KASARANI,KARIOBANGI NORTH,,NYAYO,8096,4196,3900,2711,2711,-,0.2,47744
KENYA,NAIROBI CITY,KASARANI,KASARANI,,KASARANI,198918,93467,105445,66678,66607,71,29.5,6751
KENYA,NAIROBI CITY,KASARANI,KASARANI,KASARANI,KASARANI,138135,64503,73628,46845,46777,68,13.5,10269
KENYA,NAIROBI CITY,KASARANI,KASARANI,,CLAY CITY,82718,38696,44018,28084,28084,-,4.6,18046
KENYA,NAIROBI CITY,KASARANI,KASARANI,,KASARANI,55417,25807,29610,18761,18693,68,8.9,6250
KENYA,NAIROBI CITY,KASARANI,KASARANI,MWIKI,MWIKI,60783,28964,31817,19833,19830,3,16,3795
KENYA,NAIROBI CITY,KASARANI,KASARANI,,MUTIRITHIA,28511,13785,14724,9592,9592,-,1.2,24131
KENYA,NAIROBI CITY,KASARANI,KASARANI,,MWIKI,32272,15179,17093,10241,10238,3,14.8,2176
KENYA,NAIROBI CITY,KASARANI,KASARANI,ROYSAMBU,ROYSAMBU,210863,106381,104468,75868,73350,2518,31.8,6634
KENYA,NAIROBI CITY,KASARANI,KASARANI,,ROYSAMBU,85475,41441,44029,30701,29309,1392,28.3,3025
KENYA,NAIROBI CITY,KASARANI,KASARANI,,GARDEN ESTATE,19201,9827,9373,6873,5481,1392,12.6,1525
KENYA,NAIROBI CITY,KASARANI,KASARANI,,NJATHAINI,11522,5920,5600,3992,3992,-,4.2,2769
KENYA,NAIROBI CITY,KASARANI,KASARANI,,ROYSAMBU,54752,25694,29056,19836,19836,-,11.5,4758
KENYA,NAIROBI CITY,KASARANI,KASARANI,RUARAKA,RUARAKA,90944,46581,44355,31909,31909,-,1.9,48664
KENYA,NAIROBI CITY,KASARANI,KASARANI,,MATHARE NORTH,65303,33681,31615,23736,23736,-,0.7,92612
KENYA,NAIROBI CITY,KASARANI,KASARANI,,RUARAKA,25641,12900,12740,8173,8173,-,1.2,22034
KENYA,NAIROBI CITY,KASARANI,KASARANI,UTALII,UTALII,34444,18359,16084,13258,12132,1126,1.7,20719
KENYA,NAIROBI CITY,KASARANI,KASARANI,,MATHARE 4A,20733,10866,9866,6783,6783,-,0.2,89096
KENYA,NAIROBI CITY,KASARANI,KASARANI,,UTALII,13711,7493,6218,6475,5349,1126,1.4,9590
KENYA,NAIROBI CITY,KIBRA,,,KIBRA,185777,94199,91569,61690,61651,39,12.1,15311
KENYA,NAIROBI CITY,KIBRA,KIBERA,,KIBERA,120057,61389,58661,39593,39593,-,2.1,55994
KENYA,NAIROBI CITY,KIBRA,KIBERA,KIBERA,KIBERA,64754,33426,31325,22727,22727,-,1.2,55801
KENYA,NAIROBI CITY,KIBRA,KIBERA,,KIBERA,15154,7814,7340,5426,5426,-,0.3,57114
KENYA,NAIROBI CITY,KIBRA,KIBERA,,LINDI,35618,18644,16972,12522,12522,-,0.5,69894
KENYA,NAIROBI CITY,KIBRA,KIBERA,,MAKINA,13982,6968,7013,4779,4779,-,0.4,36269
KENYA,NAIROBI CITY,KIBRA,KIBERA,SARANGOMBE,SARANGOMBE,55303,27963,27336,16866,16866,-,1,56222
KENYA,NAIROBI CITY,KIBRA,KIBERA,,GATWEKERA,24263,12542,11720,7321,7321,-,0.3,83526
KENYA,NAIROBI CITY,KIBRA,KIBERA,,OLYMPIC/KIANDA,31040,15421,15616,9545,9545,-,0.7,44780
KENYA,NAIROBI CITY,KIBRA,LAINI SABA,,LAINI SABA,29605,15941,13663,11795,11795,-,0.4,81807
KENYA,NAIROBI CITY,KIBRA,LAINI SABA,LAINI SABA,LAINI SABA,29605,15941,13663,11795,11795,-,0.4,81807
KENYA,NAIROBI CITY,KIBRA,LAINI SABA,,LAINI SABA,29605,15941,13663,11795,11795,-,0.4,81807
KENYA,NAIROBI CITY,KIBRA,WOODLEY,,WOODLEY,36115,16869,19245,10302,10263,39,9.6,3751
KENYA,NAIROBI CITY,KIBRA,WOODLEY,GOLF COURSE,GOLF COURSE,7608,3349,4259,2278,2277,1,1.8,4116
KENYA,NAIROBI CITY,KIBRA,WOODLEY,,GOLF COURSE,7608,3349,4259,2278,2277,1,1.8,4116
KENYA,NAIROBI CITY,KIBRA,WOODLEY,KENYATTA,KENYATTA,9405,4489,4915,2017,2016,1,2.9,3210
KENYA,NAIROBI CITY,KIBRA,WOODLEY,,KENYATTA,9405,4489,4915,2017,2016,1,2.9,3210
KENYA,NAIROBI CITY,KIBRA,WOODLEY,WOODLEY,WOODLEY,19102,9031,10071,6007,5970,37,4.8,3940
KENYA,NAIROBI CITY,KIBRA,WOODLEY,,JAMHURI,15026,7027,7999,4801,4801,-,3.3,4544
KENYA,NAIROBI CITY,KIBRA,WOODLEY,,WOODLEY,4076,2004,2072,1206,1169,37,1.5,2643
KENYA,NAIROBI CITY,LANG'ATA,,,LANG'ATA,197489,96698,100774,62239,60187,2052,216.8,911
KENYA,NAIROBI CITY,LANG'ATA,KAREN,,KAREN,35190,18697,16489,12031,10500,1531,71.4,493
KENYA,NAIROBI CITY,LANG'ATA,KAREN,KAREN,KAREN,13555,7115,6438,4978,4299,679,39.7,342
KENYA,NAIROBI CITY,LANG'ATA,KAREN,,KAREN,8126,4343,3781,3234,2600,634,23.1,352
KENYA,NAIROBI CITY,LANG'ATA,KAREN,,LENANA,5429,2772,2657,1744,1699,45,16.6,327
KENYA,NAIROBI CITY,LANG'ATA,KAREN,LANG'ATA,LANG'ATA,21635,11582,10051,7053,6201,852,31.7,682
KENYA,NAIROBI CITY,LANG'ATA,KAREN,,HARDY,8419,4440,3979,2921,2495,426,14.3,590
KENYA,NAIROBI CITY,LANG'ATA,KAREN,,LANG'ATA,13216,7142,6072,4132,3706,426,17.5,756
KENYA,NAIROBI CITY,LANG'ATA,NAIROBI WEST,,NAIROBI WEST,162299,78001,84285,50208,49687,521,145.4,1116
KENYA,NAIROBI CITY,LANG'ATA,NAIROBI WEST,HIGHRISE,HIGHRISE,39342,20996,18345,15424,15419,5,0.8,48896
KENYA,NAIROBI CITY,LANG'ATA,NAIROBI WEST,,SILANGA,18575,10214,8361,7268,7268,-,0.3,55341
KENYA,NAIROBI CITY,LANG'ATA,NAIROBI WEST,,SOWETO HIGHRISE,20767,10782,9984,8156,8151,5,0.5,44284
KENYA,NAIROBI CITY,LANG'ATA,NAIROBI WEST,MUGUMOINI,MUGUMOINI,58272,27347,30918,18009,17882,127,123.6,472
KENYA,NAIROBI CITY,LANG'ATA,NAIROBI WEST,,BOMAS,28597,13719,14874,8642,8524,118,120.2,238
KENYA,NAIROBI CITY,LANG'ATA,NAIROBI WEST,,MUGUMOINI,29675,13628,16044,9367,9358,9,3.4,8680
KENYA,NAIROBI CITY,LANG'ATA,NAIROBI WEST,NAIROBI WEST,NAIROBI WEST,64685,29658,35022,16775,16386,389,21,3076
KENYA,NAIROBI CITY,LANG'ATA,NAIROBI WEST,,NAIROBI WEST,35156,16001,19151,9902,9526,376,6.2,5626
KENYA,NAIROBI CITY,LANG'ATA,NAIROBI WEST,,SOUTH C,29529,13657,15871,6873,6860,13,14.8,1998
KENYA,NAIROBI CITY,MAKADARA,,,MAKADARA,189536,96369,93157,70361,70080,281,11.7,16150
KENYA,NAIROBI CITY,MAKADARA,BAHATI,,BAHATI,29993,15052,14940,11491,11469,22,1,30333
KENYA,NAIROBI CITY,MAKADARA,BAHATI,BAHATI,BAHATI,29993,15052,14940,11491,11469,22,1,30333
KENYA,NAIROBI CITY,MAKADARA,BAHATI,,BAHATI,24862,12712,12149,9917,9895,22,0.7,35887
KENYA,NAIROBI CITY,MAKADARA,BAHATI,,KIMATHI,5131,2340,2791,1574,1574,-,0.3,17334
KENYA,NAIROBI CITY,MAKADARA,MAKADARA,,MAKADARA,116473,57164,59302,40398,40139,259,5.7,20389
KENYA,NAIROBI CITY,MAKADARA,MAKADARA,MAKADARA,MAKADARA,47710,22132,25575,15388,15388,-,3.1,15551
KENYA,NAIROBI CITY,MAKADARA,MAKADARA,,HAMZA,18272,8816,9453,6633,6633,-,1,18775
KENYA,NAIROBI CITY,MAKADARA,MAKADARA,,HARAMBEE,23280,10360,12920,6779,6779,-,1.7,13423
KENYA,NAIROBI CITY,MAKADARA,MAKADARA,,JERICHO/LUMUMBA,6158,2956,3202,1976,1976,-,0.4,17089
KENYA,NAIROBI CITY,MAKADARA,MAKADARA,MAKONGENI,MAKONGENI,29993,15762,14229,10835,10835,-,1.2,24278
KENYA,NAIROBI CITY,MAKADARA,MAKADARA,,KALOLENI,16761,9052,7708,6574,6574,-,0.6,30257
KENYA,NAIROBI CITY,MAKADARA,MAKADARA,,MAKONGENI,13232,6710,6521,4261,4261,-,0.7,19418
KENYA,NAIROBI CITY,MAKADARA,MAKADARA,MARINGO,MARINGO,38770,19270,19498,14175,13916,259,1.4,27512
KENYA,NAIROBI CITY,MAKADARA,MAKADARA,,MARINGO,23965,11843,12122,8896,8637,259,0.9,25956
KENYA,NAIROBI CITY,MAKADARA,MAKADARA,,MBOTELA,14805,7427,7376,5279,5279,-,0.5,30466
KENYA,NAIROBI CITY,MAKADARA,VIWANDANI,,VIWANDANI,43070,24153,18915,18472,18472,-,5,8554
KENYA,NAIROBI CITY,MAKADARA,VIWANDANI,VIWANDANI,VIWANDANI,43070,24153,18915,18472,18472,-,5,8554
KENYA,NAIROBI CITY,MAKADARA,VIWANDANI,,VIWANDANI,43070,24153,18915,18472,18472,-,5,8554
KENYA,NAIROBI CITY,MATHARE,,,MATHARE,206564,106522,100028,74967,74967,-,3,68940
KENYA,NAIROBI CITY,MATHARE,HURUMA,,HURUMA,113038,57983,55049,39262,39262,-,1.4,81771
KENYA,NAIROBI CITY,MATHARE,HURUMA,HURUMA,HURUMA,113038,57983,55049,39262,39262,-,1.4,81771
KENYA,NAIROBI CITY,MATHARE,HURUMA,,HURUMA,75498,39130,36363,27674,27674,-,0.7,107805
KENYA,NAIROBI CITY,MATHARE,HURUMA,,KIAMAIKO,37540,18853,18686,11588,11588,-,0.7,55040
KENYA,NAIROBI CITY,MATHARE,MATHARE,,MATHARE,93526,48539,44979,35705,35705,-,1.6,57950
KENYA,NAIROBI CITY,MATHARE,MATHARE,MATHARE,MATHARE,93526,48539,44979,35705,35705,-,1.6,57950
KENYA,NAIROBI CITY,MATHARE,MATHARE,,MABATINI,28504,14670,13834,10389,10389,-,0.4,80038
KENYA,NAIROBI CITY,MATHARE,MATHARE,,MATHARE,23922,12510,11412,7995,7995,-,0.8,28445
KENYA,NAIROBI CITY,MATHARE,MATHARE,,MLANGO KUBWA,41100,21359,19733,17321,17321,-,0.4,98610
KENYA,NAIROBI CITY,NJIRU,,,NJIRU,626482,307642,318809,204563,204492,71,129.9,4821
KENYA,NAIROBI CITY,NJIRU,DANDORA,,DANDORA,295670,145981,149678,101178,101174,4,9,32731
KENYA,NAIROBI CITY,NJIRU,DANDORA,DANDORA B,DANDORA B,93177,46731,46442,30866,30866,-,2.3,41333
KENYA,NAIROBI CITY,NJIRU,DANDORA,,DANDORA III & V,50172,24920,25250,17085,17085,-,1.5,32859
KENYA,NAIROBI CITY,NJIRU,DANDORA,,DANDORA IV,43005,21811,21192,13781,13781,-,0.7,59119
KENYA,NAIROBI CITY,NJIRU,DANDORA,DANDORA I & II,DANDORA I & II,59802,29991,29810,22171,22171,-,1.9,30954
KENYA,NAIROBI CITY,NJIRU,DANDORA,,DANDORA I,24409,12244,12164,9102,9102,-,0.6,41421
KENYA,NAIROBI CITY,NJIRU,DANDORA,,DANDORA II,35393,17747,17646,13069,13069,-,1.3,26360
KENYA,NAIROBI CITY,NJIRU,DANDORA,KARIOBANGI SOUTH,KARIOBANGI SOUTH,142691,69259,73426,48141,48137,4,4.8,29438
KENYA,NAIROBI CITY,NJIRU,DANDORA,,KARIOBANGI SOUTH,54652,25726,28926,17807,17803,4,1.4,38662
KENYA,NAIROBI CITY,NJIRU,DANDORA,,MOWLEM,88039,43533,44500,30334,30334,-,3.4,25641
KENYA,NAIROBI CITY,NJIRU,NJIRU,,NJIRU,225327,109697,115613,70640,70605,35,20.6,10952
KENYA,NAIROBI CITY,NJIRU,NJIRU,KAYOLE NORTH,KAYOLE NORTH,70461,34880,35575,23670,23662,8,1.8,40086
KENYA,NAIROBI CITY,NJIRU,NJIRU,,KAYOLE NORTH,70461,34880,35575,23670,23662,8,1.8,40086
KENYA,NAIROBI CITY,NJIRU,NJIRU,MIHANG'O,MIHANG'O,60367,28428,31937,17350,17349,1,11,5478
KENYA,NAIROBI CITY,NJIRU,NJIRU,,MIHANG'O,60367,28428,31937,17350,17349,1,11,5478
KENYA,NAIROBI CITY,NJIRU,NJIRU,NJIRU,NJIRU,94499,46389,48101,29620,29594,26,7.8,12121
KENYA,NAIROBI CITY,NJIRU,NJIRU,,NJIRU,23173,11535,11633,7143,7129,14,4.2,5483
KENYA,NAIROBI CITY,NJIRU,NJIRU,,SAIKA,71326,34854,36468,22477,22465,12,3.6,19980
KENYA,NAIROBI CITY,NJIRU,RUAI,,RUAI,105485,51964,53518,32745,32713,32,100.3,1051
KENYA,NAIROBI CITY,NJIRU,RUAI,KAMULU,KAMULU,33351,16359,16992,9958,9958,-,25.6,1300
KENYA,NAIROBI CITY,NJIRU,RUAI,,KAMULU,17434,8572,8862,5290,5290,-,9.7,1789
KENYA,NAIROBI CITY,NJIRU,RUAI,,NG'UNDU,15917,7787,8130,4668,4668,-,15.9,1001
KENYA,NAIROBI CITY,NJIRU,RUAI,RUAI,RUAI,72134,35605,36526,22787,22755,32,74.7,966
KENYA,NAIROBI CITY,NJIRU,RUAI,RUAI,RUAI,72134,35605,36526,22787,22755,32,74.7,966
KENYA,NAIROBI CITY,STAREHE,,,STAREHE,210423,109173,101238,69389,66108,3281,20.6,10205
KENYA,NAIROBI CITY,STAREHE,CBD,,CBD,53110,29473,23631,18813,15665,3148,6.1,8717
KENYA,NAIROBI CITY,STAREHE,CBD,KAMUKUNJI,KAMUKUNJI,10954,6842,4110,2955,2911,44,1.1,10043
KENYA,NAIROBI CITY,STAREHE,CBD,KAMUKUNJI,KAMUKUNJI,2772,1681,1090,475,475,-,0.3,10583
KENYA,NAIROBI CITY,STAREHE,CBD,KAMUKUNJI,MUTHURWA,8182,5161,3020,2480,2436,44,0.8,9873
KENYA,NAIROBI CITY,STAREHE,CBD,NGARA,NGARA,31132,15918,15211,12331,11098,1233,2.6,11860
KENYA,NAIROBI CITY,STAREHE,CBD,NGARA,NGARA EAST,20550,10677,9871,8276,7847,429,1.3,15553
KENYA,NAIROBI CITY,STAREHE,CBD,NGARA,NGARA WEST,10582,5241,5340,4055,3251,804,1.3,8117
KENYA,NAIROBI CITY,STAREHE,CBD,STAREHE,STAREHE,11024,6713,4310,3527,1656,1871,2.4,4638
KENYA,NAIROBI CITY,STAREHE,CBD,STAREHE,CITY CENTRE,10281,6181,4099,3511,1640,1871,1.3,7749
KENYA,NAIROBI CITY,STAREHE,CBD,STAREHE,CITY SQUARE,743,532,211,16,16,-,1.1,707
KENYA,NAIROBI CITY,STAREHE,CENTRAL,,CENTRAL,54872,25637,29233,14097,14081,16,2.4,22806
KENYA,NAIROBI CITY,STAREHE,CENTRAL,KARIOKOR,KARIOKOR,18834,9014,9818,4701,4688,13,1.5,12918
KENYA,NAIROBI CITY,STAREHE,CENTRAL,KARIOKOR,RACECOURSE,10417,4765,5650,1809,1801,8,0.7,14059
KENYA,NAIROBI CITY,STAREHE,CENTRAL,KARIOKOR,ZIWANI,8417,4249,4168,2892,2887,5,0.7,11739
KENYA,NAIROBI CITY,STAREHE,CENTRAL,PANGANI,PANGANI,36038,16623,19415,9396,9393,3,0.9,38009
KENYA,NAIROBI CITY,STAREHE,CENTRAL,PANGANI,PANGANI,36038,16623,19415,9396,9393,3,0.9,38009
KENYA,NAIROBI CITY,STAREHE,SOUTH B,,SOUTH B,102441,54063,48374,36479,36362,117,12.1,8452
KENYA,NAIROBI CITY,STAREHE,SOUTH B,LANDMAWE,LANDMAWE,36907,22115,14791,13269,13256,13,6.2,5993
KENYA,NAIROBI CITY,STAREHE,SOUTH B,LANDMAWE,LANDMAWE,36907,22115,14791,13269,13256,13,6.2,5993
KENYA,NAIROBI CITY,STAREHE,SOUTH B,MUKURU NYAYO,MUKURU NYAYO,65534,31948,33583,23210,23106,104,6,10992
KENYA,NAIROBI CITY,STAREHE,SOUTH B,MUKURU NYAYO,HAZINA,31318,14943,16372,10855,10848,7,4.4,7155
KENYA,NAIROBI CITY,STAREHE,SOUTH B,MUKURU NYAYO,SOUTH B,34216,17005,17211,12355,12258,97,1.6,21585
KENYA,NAIROBI CITY,WESTLANDS,,,WESTLANDS,308854,153818,155021,104980,103489,1491,97.5,3167
KENYA,NAIROBI CITY,WESTLANDS,HIGHRIDGE,,HIGHRIDGE,75515,38906,36607,24586,24370,216,47.2,1601
KENYA,NAIROBI CITY,WESTLANDS,HIGHRIDGE,HIGHRIDGE,HIGHRIDGE,61874,31967,29905,20077,20077,-,42,1472
KENYA,NAIROBI CITY,WESTLANDS,HIGHRIDGE,HIGHRIDGE,HIGHRIDGE,29435,15036,14399,9096,9096,-,3.7,7877
KENYA,NAIROBI CITY,WESTLANDS,HIGHRIDGE,HIGHRIDGE,KARURA,24714,13034,11678,8512,8512,-,23.9,1035
KENYA,NAIROBI CITY,WESTLANDS,HIGHRIDGE,HIGHRIDGE,MUTHAIGA,7725,3897,3828,2469,2469,-,14.4,536
KENYA,NAIROBI CITY,WESTLANDS,HIGHRIDGE,PARKLANDS,PARKLANDS,13641,6939,6702,4509,4293,216,5.1,2666
KENYA,NAIROBI CITY,WESTLANDS,HIGHRIDGE,PARKLANDS,SPRING VALLEY,6804,3421,3383,2345,2130,215,2.8,2432
KENYA,NAIROBI CITY,WESTLANDS,HIGHRIDGE,PARKLANDS,UPPER PARKLANDS,6837,3518,3319,2164,2163,1,2.3,2949
KENYA,NAIROBI CITY,WESTLANDS,KANGEMI,PARKLANDS,KANGEMI,150369,76695,73666,54671,54618,53,25.2,5957
KENYA,NAIROBI CITY,WESTLANDS,KANGEMI,KANGEMI,KANGEMI,116710,59520,57186,42897,42897,-,4.6,25324
KENYA,NAIROBI CITY,WESTLANDS,KANGEMI,KANGEMI,GICHAGI,31585,16215,15368,11472,11472,-,0.9,33401
KENYA,NAIROBI CITY,WESTLANDS,KANGEMI,KANGEMI,KANGEMI CENTRAL,62831,32208,30623,23606,23606,-,1.6,39526
KENYA,NAIROBI CITY,WESTLANDS,KANGEMI,KANGEMI,MT VIEW,22294,11097,11195,7819,7819,-,2.1,10752
KENYA,NAIROBI CITY,WESTLANDS,KANGEMI,KITISURU,KITISURU,33659,17175,16480,11774,11721,53,20.6,1631
KENYA,NAIROBI CITY,WESTLANDS,KANGEMI,KITISURU,KITISURU,6597,3551,3046,1981,1939,42,8.5,775
KENYA,NAIROBI CITY,WESTLANDS,KANGEMI,KITISURU,KYUNA,6026,3192,2834,2207,2207,-,3,1980
KENYA,NAIROBI CITY,WESTLANDS,KANGEMI,KITISURU,LORESHO,21036,10432,10600,7586,7575,11,9.1,2316
KENYA,NAIROBI CITY,WESTLANDS,KILIMANI,KITISURU,KILIMANI,82970,38217,44748,25723,24501,1222,25.1,3302
KENYA,NAIROBI CITY,WESTLANDS,KILIMANI,KILELESHWA,KILELESHWA,32513,14608,17903,10392,10250,142,9.1,3570
KENYA,NAIROBI CITY,WESTLANDS,KILIMANI,KILELESHWA,KILELESHWA,22216,9761,12453,6864,6864,-,5.3,4229
KENYA,NAIROBI CITY,WESTLANDS,KILIMANI,KILELESHWA,MUTHANGARI,10297,4847,5450,3528,3386,142,3.9,2672
KENYA,NAIROBI CITY,WESTLANDS,KILIMANI,KILIMANI,KILIMANI,50457,23609,26845,15331,14251,1080,16,3149
KENYA,NAIROBI CITY,WESTLANDS,KILIMANI,KILIMANI,KILIMANI,27326,13160,14164,8777,7807,970,9,3047
KENYA,NAIROBI CITY,WESTLANDS,KILIMANI,KILIMANI,MAZIWA,23131,10449,12681,6554,6444,110,7.1,3280
KENYA,NAIROBI CITY,WESTLANDS,KILIMANI,KILIMANI,KILIMANI,27326,13160,,14164,8777,7807,9,3047
KENYA,NAIROBI CITY,WESTLANDS,KILIMANI,KILIMANI,MAZIWA,23131,10449,,12681,6554,6444,7.1,3280
